{
    "name": "root",
    "gauges": {
        "KartAgent.Policy.Entropy.mean": {
            "value": 0.7369258999824524,
            "min": -0.3228142559528351,
            "max": 1.3189119100570679,
            "count": 100
        },
        "KartAgent.Policy.Entropy.sum": {
            "value": 30933.201171875,
            "min": -15580.306640625,
            "max": 79166.3671875,
            "count": 100
        },
        "KartAgent.Environment.EpisodeLength.mean": {
            "value": 839.574074074074,
            "min": 571.1979166666666,
            "max": 1536.45,
            "count": 100
        },
        "KartAgent.Environment.EpisodeLength.sum": {
            "value": 45337.0,
            "min": 34375.0,
            "max": 63105.0,
            "count": 100
        },
        "KartAgent.Step.mean": {
            "value": 4999957.0,
            "min": 49675.0,
            "max": 4999957.0,
            "count": 100
        },
        "KartAgent.Step.sum": {
            "value": 4999957.0,
            "min": 49675.0,
            "max": 4999957.0,
            "count": 100
        },
        "KartAgent.Policy.ExtrinsicValue.mean": {
            "value": -0.31568148732185364,
            "min": -0.3815981149673462,
            "max": 2.7165167331695557,
            "count": 100
        },
        "KartAgent.Policy.ExtrinsicValue.sum": {
            "value": -21.78202247619629,
            "min": -29.475839614868164,
            "max": 211.8883056640625,
            "count": 100
        },
        "KartAgent.Environment.CumulativeReward.mean": {
            "value": -2.6114553628223285,
            "min": -4.122408657304702,
            "max": -1.604492370898907,
            "count": 100
        },
        "KartAgent.Environment.CumulativeReward.sum": {
            "value": -146.24150031805038,
            "min": -271.37200582027435,
            "max": -83.87800395488739,
            "count": 100
        },
        "KartAgent.Policy.ExtrinsicReward.mean": {
            "value": -2.6114553628223285,
            "min": -4.122408657304702,
            "max": -1.604492370898907,
            "count": 100
        },
        "KartAgent.Policy.ExtrinsicReward.sum": {
            "value": -146.24150031805038,
            "min": -271.37200582027435,
            "max": -83.87800395488739,
            "count": 100
        },
        "KartAgent.Losses.PolicyLoss.mean": {
            "value": 0.31202666584525046,
            "min": -2.7521043782642427,
            "max": 0.3581403755845375,
            "count": 100
        },
        "KartAgent.Losses.PolicyLoss.sum": {
            "value": 667.4250382429907,
            "min": -7009.609851439026,
            "max": 1033.9512643125597,
            "count": 100
        },
        "KartAgent.Losses.ValueLoss.mean": {
            "value": 3.109245678137627e-05,
            "min": 2.1811438177363254e-05,
            "max": 0.012091727941836643,
            "count": 100
        },
        "KartAgent.Losses.ValueLoss.sum": {
            "value": 0.06650676505536385,
            "min": 0.04892328656087179,
            "max": 21.873935846782487,
            "count": 100
        },
        "KartAgent.Losses.Q1Loss.mean": {
            "value": 0.00029979242282624267,
            "min": 0.00014863790711564643,
            "max": 0.01353318451755413,
            "count": 100
        },
        "KartAgent.Losses.Q1Loss.sum": {
            "value": 0.641255992425333,
            "min": 0.34424539287983713,
            "max": 27.680787210615918,
            "count": 100
        },
        "KartAgent.Losses.Q2Loss.mean": {
            "value": 0.0002992655694675953,
            "min": 0.00014193383045666636,
            "max": 0.01306706242361069,
            "count": 100
        },
        "KartAgent.Losses.Q2Loss.sum": {
            "value": 0.6401290530911864,
            "min": 0.3287187513376393,
            "max": 27.759024456943106,
            "count": 100
        },
        "KartAgent.Policy.ContinuousEntropyCoeff.mean": {
            "value": 0.00011690115097246462,
            "min": 8.078740546411661e-05,
            "max": 0.2575880208838109,
            "count": 100
        },
        "KartAgent.Policy.ContinuousEntropyCoeff.sum": {
            "value": 0.2500515619301018,
            "min": 0.19647349444431694,
            "max": 465.97672977881393,
            "count": 100
        },
        "KartAgent.Policy.LearningRate.mean": {
            "value": 0.0010000000000000002,
            "min": 0.001,
            "max": 0.0010000000000000007,
            "count": 100
        },
        "KartAgent.Policy.LearningRate.sum": {
            "value": 2.1390000000000007,
            "min": 1.8090000000000008,
            "max": 3.144000000000001,
            "count": 100
        },
        "KartAgent.IsTraining.mean": {
            "value": 1.0,
            "min": 1.0,
            "max": 1.0,
            "count": 100
        },
        "KartAgent.IsTraining.sum": {
            "value": 1.0,
            "min": 1.0,
            "max": 1.0,
            "count": 100
        }
    },
    "metadata": {
        "timer_format_version": "0.1.0",
        "start_time_seconds": "1688546137",
        "python_version": "3.8.10 (tags/v3.8.10:3d8993a, May  3 2021, 11:48:03) [MSC v.1928 64 bit (AMD64)]",
        "command_line_arguments": "D:\\New folder (2)\\RacingCar\\Scripts\\mlagents-learn D:\\unity\\KartAgent1.yaml --run-id=sac03",
        "mlagents_version": "0.29.0",
        "mlagents_envs_version": "0.29.0",
        "communication_protocol_version": "1.5.0",
        "pytorch_version": "2.0.1+cpu",
        "numpy_version": "1.21.2",
        "end_time_seconds": "1688554297"
    },
    "total": 8159.6090111,
    "count": 1,
    "self": 0.006185300000652205,
    "children": {
        "run_training.setup": {
            "total": 0.10116859999999983,
            "count": 1,
            "self": 0.10116859999999983
        },
        "TrainerController.start_learning": {
            "total": 8159.5016571999995,
            "count": 1,
            "self": 7.268854300185922,
            "children": {
                "TrainerController._reset_env": {
                    "total": 7.4900898,
                    "count": 1,
                    "self": 7.4900898
                },
                "TrainerController.advance": {
                    "total": 8144.644759599814,
                    "count": 214191,
                    "self": 2.7842061997753262,
                    "children": {
                        "env_step": {
                            "total": 8141.860553400039,
                            "count": 214191,
                            "self": 7569.024778000012,
                            "children": {
                                "SubprocessEnvManager._take_step": {
                                    "total": 570.0481564999557,
                                    "count": 214191,
                                    "self": 20.038124999921934,
                                    "children": {
                                        "TorchPolicy.evaluate": {
                                            "total": 550.0100315000337,
                                            "count": 208881,
                                            "self": 63.500692599885724,
                                            "children": {
                                                "TorchPolicy.sample_actions": {
                                                    "total": 486.509338900148,
                                                    "count": 208881,
                                                    "self": 486.509338900148
                                                }
                                            }
                                        }
                                    }
                                },